category,weight,distance,bandwidth,fiability,label
3,9.295930501870338,245.47599058378927,67.2702994208898,13,4.27652909469202
10,11.793306631648507,251.21954504240196,79.66813971913723,11,5.783019573322461
5,14.110620851134858,155.04488082036926,25.046789879249896,9,5.846326288823394
3,13.125574204866929,250.18176755609676,62.48740996069989,11,6.897071288800655
1,13.645928035030149,241.7589694752052,57.17459831437487,9,5.837074724902814
1,12.611483566975021,164.7533044677833,83.28303767882711,9,2.687010482675372
0,12.845935951624966,199.11430830167276,90.60870604812605,8,4.723488962966673
8,13.944369560957234,163.46721513749594,1.2156771477386807,6,7.320889184255096
3,9.747676062014301,441.13215587031897,67.40199190587927,9,6.640860252634768
5,11.425974745501984,193.21251793300638,5.1835799119729025,10,5.383421033727516
0,9.548466092737215,595.4343497471938,54.88586650773559,10,10.960805206313815
10,14.913676055976529,449.5106484035844,28.76327290436782,9,7.345363665692588
7,14.608415377806292,155.0342839375642,30.67765995221412,8,3.62170538936401
1,8.275987679579542,317.9844635801017,35.29585034523566,11,5.6591174784252285
1,12.93902620760982,187.0479492296778,62.12924490496101,7,4.820147935427423
1,14.47673822190966,205.96551527580183,33.40499656687692,12,4.812132307975855
2,4.264027415891334,219.67604029150723,73.26990505902803,8,3.375293728488241
3,11.975616613868407,155.4190160873057,40.45273855738697,8,5.775589976886395
3,14.408418083116292,726.9223066151886,6.835320030995861,7,11.77556622305263
1,8.237621850100592,172.73961308849385,78.37598424841073,9,4.310256263602742
3,12.881941870727879,151.8821106591032,28.5758324592706,12,7.9259248447291855
1,10.081443051607856,183.61055899243416,43.276687959926264,11,4.501641355719126
1,14.470773367635712,153.31689657737343,68.54438832219016,12,5.845741363513378
3,14.797407716157574,487.44565715913905,33.2456157148712,11,8.064897318035097
3,14.609865423794037,204.52548934617866,5.658565614671563,8,5.235938178152088
6,11.319499516602246,246.0566519161133,37.39210470128136,9,5.051365842529704
1,14.034298556925194,166.9753898577545,94.44485826943034,8,4.607438732407881
3,13.911845789745492,150.94847077958514,64.17343972985582,13,5.826125257343729
3,10.23370331270279,247.43805614064811,67.1479148667207,8,8.509868242468107
0,13.802408319054742,173.63833865267404,63.22821536376399,12,4.560351100781613
3,8.259053443008447,274.6779005684811,19.899213895943678,12,5.027967614026251
1,12.173889149374371,182.99915630179876,41.833386410228016,14,5.369043925847748
0,9.610061861013921,196.8157363195661,75.09397983633183,9,5.076854283749412
9,8.843968200440951,151.42982516409762,10.137289755315916,11,4.92857670077012
10,8.538672411404464,178.19172053520163,27.785277608971228,15,6.127876765547706
7,12.874021431146979,219.15017481569816,27.631910846585363,9,2.4130050174235502
2,5.379124746376463,346.0500916391625,43.2018927594506,7,2.1668625819502876
0,13.07336740070133,307.1324342806632,98.0368740942185,6,5.570938253093208
4,0.32678170399471185,260.6701902383477,6.750254668382194,11,4.6141969124567375
3,10.207032364814273,249.61445318391347,51.870099438059505,6,3.3650057170957863
1,11.77643904662736,158.42594387746084,17.936468201221047,9,1.3270447747278045
3,13.535062153872744,183.4849648435603,97.06765454097442,11,5.9973172607748975
0,10.23126752052449,188.22509960176208,11.33035047274642,10,5.65124052593604
9,12.381239635059064,345.18069002813695,40.36010023615913,11,5.196535560046519
1,14.20184423765331,157.82401640902356,73.78849848346061,10,4.06260051781453
4,3.0793159409115227,167.62147765527396,70.45544280274453,13,2.0768538177900275
2,4.630716323275436,434.421056854895,42.272863689393226,8,6.247151510596127
3,8.170805470895766,168.85951493531547,34.652416795271826,9,3.6982098729140165
3,14.09069211730651,185.6391180211651,39.76123785528706,8,6.720256714180396
1,8.14888587595271,399.80145911955714,26.42762631586393,12,1.9388192045147141
10,14.122911708789395,197.7150573474726,20.53329387067998,12,4.952458582009555
6,11.702559938190484,193.63661225900427,48.303969755889,11,3.864714801800356
9,14.573473889590273,295.60719434604187,26.853375606760732,12,6.861104263226358
8,13.591482650415657,152.83092227876736,28.746166489725013,8,4.880243295670718
3,14.985538773733362,158.46680031876343,65.67560634745571,13,6.806097201656258
9,10.454982708161971,172.25867672939108,96.85373316998923,13,2.3374945966349037
0,13.370318022517889,197.07543390850705,60.363720055937506,11,5.774632276591007
1,10.813516395264696,205.83858635281024,7.697946706496628,14,6.478291195319319
0,11.359129342127362,173.94195898490867,7.558361385406698,7,8.058188019004804
2,7.392538242528591,185.4034546537747,95.1423220845566,9,3.2990004527618546
3,14.115739799304372,450.7280440456836,29.729079030733363,9,9.447779419788088
1,14.888584284395066,189.68569818332534,9.206698608247542,11,3.583511786743735
7,13.377913897051627,161.35860103894612,59.90445871503815,8,2.1543846742852812
3,10.924367475171337,197.56392683115047,62.36487782902661,12,6.156596790492605
1,10.949499015939491,488.71222057807034,64.85048201186882,13,7.964904925039103
3,13.16307611112224,162.77475253395252,26.74020278575413,11,7.316092070144069
1,9.671440020378116,272.84829727280567,1.5110684214475034,11,4.026069257361611
7,8.773318791919763,246.6383608372274,96.50153694544719,8,5.304893812356332
0,10.482355103485435,296.402337781842,25.089304569110247,8,9.292860924504033
10,10.010672941578573,224.0209594412148,67.60262880525475,12,5.598498043951222
6,10.07415684319193,164.9538055380524,70.66298698787095,12,4.769935855795763
1,9.63525425734937,188.75701201401094,61.00074170794857,10,4.696400520927259
0,8.294652327454534,270.927036415235,31.290739421364822,9,3.3218354281093467
7,8.125117543133896,156.73203040055222,27.109625376406576,6,5.794065070292163
5,14.914056728152222,156.62569357744982,59.76682827027031,8,4.827073137214363
5,10.994411936151035,157.17563120291084,86.60956336116915,14,5.0160390217611575
6,10.690286530117772,254.6380005890846,94.67337289233956,7,3.212053543431139
0,12.757530978851488,198.8663431884973,10.590580440375764,10,4.281679210636041
3,9.52777721505545,150.75907342801491,15.482861259771985,12,6.433385807989923
1,14.649728287651577,163.8119437464744,94.47362587830797,7,4.890793526652855
8,13.504415100908865,656.7025101338754,73.65352283347926,10,13.914841708957674
3,8.625877016185816,441.61643679288795,88.29938248297731,12,6.5588060645968635
2,5.923065430494498,196.81591193515644,20.263263413534315,10,2.2909835102014457
0,14.153828152935153,154.87342719466864,58.758587110940184,16,6.726110394946985
2,9.613124156039872,186.24663579834402,70.11395944174737,7,3.891451033499222
2,6.271810578749088,191.73173311034475,68.01118854469726,12,4.46981343819051
5,12.293879724474955,357.91291802607657,40.81516908666981,10,7.290107121592716
3,9.169237622644527,173.39285297522807,1.5394891691308477,12,3.0777622341900264
8,14.938180382958835,160.2901788699437,58.29260568042631,11,5.990880239933964
3,9.621701909684104,212.13184509649005,25.310153917960875,9,8.16916625385954
1,14.599122418945878,163.54755364362612,45.02542461428904,10,6.55414612494382
5,12.54752654294658,151.82493469084523,95.75810150838173,6,4.630001837870028
6,12.254157564152013,271.53056269976287,39.903531764243475,11,8.094931267157808
3,11.58881957711556,188.23319221727266,83.98016066644267,11,5.199896818576098
6,9.614688682024312,236.61850078410995,18.854060574925114,11,5.873685790570996
3,9.235696224038557,162.3060815040618,67.24604980250288,12,3.0970733662703394
3,9.543403463491227,181.57970301064194,97.70069544389435,11,4.471621927502559
3,9.305067835009782,175.53244352064075,10.189310087293679,10,6.2687472464155425
0,13.457091314967272,161.94943703893347,0.8319942227192012,8,4.726485933562132
1,10.45087681416711,208.9163563696818,43.35827926326144,9,7.1444677993313865
0,8.404898735943775,154.53652977599285,9.26254830513672,12,4.449558004126174
3,14.78371841098568,186.9697411837281,74.83843496762313,13,4.526149995125954
2,9.186501194743979,301.613277356143,91.45486638485589,10,6.744566124336707
3,14.49426598236649,169.874513301417,43.402097270875885,10,5.466108701281337
9,14.964354758525047,162.27727212495995,25.871164215544095,8,7.264387803645253
1,9.217266744536412,227.67801070723584,43.44033190066098,12,4.771295412028229
3,10.77369413231861,158.0100515934626,72.3447817850001,11,4.482022852744868
6,13.30766932992864,155.0513333550416,0.9054161580370979,14,6.592475781114201
1,12.872144326376546,240.03561606578444,58.945398948469716,8,6.467388352297741
0,9.077271344378985,150.83425106215697,61.329168488737906,9,2.0868361592797062
1,13.710831874934325,316.5846630987802,63.76882468959355,10,5.006060951565762
1,9.571084002856624,272.4884511038932,24.202207998087722,11,7.240851526387166
9,9.566723303758362,282.9838979046913,71.40527233781268,10,5.325532603195554
7,11.758820960253896,155.76299483259567,9.13914863317764,8,4.6981282176107495
3,12.150579543891922,173.6271938639302,19.92703364668008,12,3.6812540223852857
8,12.060603454864678,306.4066461573766,87.74700466544819,11,4.527684330606366
7,8.640407861784285,200.7002969580895,73.87231507265663,8,2.190057717117697
1,14.142226038412662,177.48445727727415,1.3745554011345251,13,6.137223079032377
8,9.859200298120943,396.13871868269734,24.83762603698002,12,6.103943038662678
3,8.906604448979628,156.45430336228372,21.440648299316457,10,3.470820779238192
7,14.22123655908284,161.55244167584488,27.080632803697256,10,5.799544712644918
8,14.689560487608274,190.69070880367263,24.755977027988642,11,6.907879057235546
2,9.034893320858155,151.68533702644845,6.252629574284574,8,7.179387245134931
1,13.666612523074146,204.71629747796473,45.894051659682034,10,3.7352076290825003
1,12.586693864473151,150.80407926065556,73.27334747861651,6,6.348593588035666
3,11.856001594263976,172.35952330462231,60.67317247174364,12,6.316913056670892
7,8.60890731937987,175.52365577137357,67.28716685980798,7,3.4098068033438924
8,10.859172491494892,295.47369855611504,8.114917853623915,13,6.923129901764723
0,10.608819619086198,156.4837884562999,95.14907101767872,9,3.777537464606814
3,9.818276486322283,202.94566725566526,83.84918338430248,10,4.861189611887716
3,13.063940795820095,298.27320878110663,80.50903184956627,9,8.874696292427139
1,11.471130145551395,940.6050790087804,82.29838050417675,9,14.335927539367626
1,8.567323511353536,183.65978062922926,93.27105081327613,13,4.5601397110117325
2,4.54128241364868,187.69878012531123,54.42539661136977,5,3.0949704017968815
9,12.782811345617171,167.9040660748558,20.02820178676259,13,3.569155884737815
2,3.532916016432101,155.98442417013072,61.678360785254114,11,2.678991752133354
3,13.958448398341382,404.8720060288687,74.2881493667939,8,10.146964252376996
5,11.46602568909782,166.9213649272417,73.79173933540254,8,2.966040170093887
3,11.364106041286536,280.9943551560705,52.14490241668801,13,4.512722917988219
10,12.146854492616622,157.9472420841601,6.845871933357806,8,5.722852067294423
10,13.772766761476044,160.4946396476068,37.11129384301278,8,4.279547654393696
1,10.434664455315351,185.98285845429945,92.07666084633573,12,3.646682804319238
3,12.746113067913445,168.65787884261522,58.4448909757426,11,4.7285911232117686
2,6.960123747970537,228.35824463895057,53.83319432557134,8,2.9539868407945002
1,9.86919789118595,195.68409922384748,26.885351438219352,10,3.899817540116512
0,14.150409904486107,160.32146819261422,36.84489199165789,8,6.7874794793005355
3,13.581982151248496,197.55985912950666,89.53460891531692,12,3.6860411593174423
3,12.609162842608978,217.1786772370808,66.64630475268358,12,3.39757832194743
0,13.954072103659694,192.24701456245384,78.73870267523328,11,4.737848845749305
1,14.071059406718616,159.88020821761415,45.434542306765515,11,6.6983450586008875
9,12.958540837005243,222.7200606727295,63.024721945615795,14,5.549250701782141
1,13.859093298545705,289.89605439289926,24.838360874320752,10,6.288935986102599
1,12.882300231684987,168.5101989703799,70.54608302834863,8,5.2578850518971665
3,12.760985402322103,160.0311631821483,42.76013337033373,11,3.0224183277643313
10,12.330279647506291,365.22461757207975,44.25455148147456,14,8.194152443085839
1,13.269016476903488,254.17770093922556,64.93223245768817,8,6.804963776612507
4,0.7930255264653685,315.39862313789456,93.62806214689266,9,3.0664164439462023
6,14.1660953143925,219.53014734370265,6.400634660862092,11,8.350906992937357
1,14.102904694216624,199.01309821098417,82.47432373470076,10,4.086936732917053
5,8.204730981241914,165.5605086379254,29.238311041219312,8,5.659166417525027
3,13.780717253953338,173.9253867545906,44.391945450637785,12,5.962231978530649
3,8.902089072314116,176.9051303163647,2.1913328775008956,15,4.5542698216705295
3,10.345831979813994,218.46026846357196,30.1046077834313,10,5.442837332841251
3,13.204557794041254,159.01505395688176,50.26312426301305,8,5.2441554408575835
0,9.125319272338157,195.6656639474539,5.617607734743901,7,6.762629025074651
7,13.725769168833436,151.0614161364561,49.10957293831652,11,3.9837268150899074
2,8.824939245704194,175.57601398962362,92.71106288584274,12,3.2657150915614377
1,11.552274136325853,331.4225882361123,10.539321810780521,11,8.935536007481526
0,8.044701102017836,171.6100934955124,76.44407280755044,10,3.3728337393476036
3,10.009266932224389,225.38354057633606,40.967105337599264,9,6.550151851635852
4,3.084634591878711,170.70753901482578,65.5173714524338,8,4.022462897623391
0,14.868303246191964,428.93702280798334,26.023659798522935,12,7.867663577082106
3,12.422694689116678,289.12673999625144,15.949226254135828,12,8.002143816904567
1,9.81862506744912,158.10101685677034,16.046261427122644,7,3.469082566551396
3,12.438039921697278,259.804778682097,7.049194564314465,13,7.8893694658598745
1,11.779897658010988,159.30162077851156,18.564670490124303,11,5.619190356980936
4,3.899226975755718,239.22700841546003,66.42193849889682,13,4.140755774097149
3,8.748864471788709,174.71951039640777,88.16906118435081,7,3.3986397996622504
9,13.327195317514196,170.0253985100295,81.41256855911618,7,3.051074074529342
1,11.788866050732771,189.66497431227768,68.51343098744842,10,5.807767571751298
2,9.740944027012961,230.9793416699605,11.043186341110268,11,2.727985967955949
1,10.393105162270803,266.8568020963878,28.918744629594983,14,5.503403778075755
9,12.428353251937637,598.9093097116894,30.980687532246897,11,12.089064097310835
8,14.524196738570122,231.38505338667522,24.99569463976212,10,7.0161288620536055
1,8.717568095934755,173.73406533513236,51.50056597097231,8,6.5457451324159965
4,4.686142436182256,153.23525306571412,53.55538148796726,12,3.9803064535268042
7,12.815200056105693,157.13711548274335,35.68859751711102,8,4.532533204773377
3,8.474859413736203,164.25290544740375,35.3789158736436,13,4.43755037060719
3,10.106744968627714,162.6195150616423,82.85555979060814,9,4.273114207133799
1,12.957204620516972,172.629259841408,78.92928483196856,13,3.128845152140547
0,8.471454210281403,246.00803727583934,30.779583168074566,11,4.031137704403334
8,12.075193221233913,154.9904189404992,91.37884438732593,10,4.002340594574598
9,10.421181398670697,172.1027332627902,95.2815017002506,9,2.1471511709262328
3,12.34640862437234,183.5780789326944,32.67425420300408,9,5.662079495851492
2,3.32019423668759,350.16435152032665,35.442494879305485,11,4.667342849507191
2,9.100757643066634,199.56130901255375,50.56341534219588,10,2.772263080668759
5,14.814422784241778,197.38457205680794,94.11208125336735,9,6.316005261509657
8,14.78214498699984,157.54779834295226,87.63194331423115,10,6.3601735398184305
8,13.247562822200473,185.25272717354994,10.25679625835898,10,6.405912254463276
6,8.910603680914424,212.1359917889649,39.27307432714162,6,4.55473693330645
3,13.307842371503158,151.18056530036955,55.33711897497719,11,6.0668964123437075
0,8.17210841521161,350.52859278626045,50.313247255154,8,7.073194283880763
1,8.15486486070298,203.83733743302955,19.38630679368927,8,5.258506837689202
8,10.26527153404679,537.8067632824699,85.88167711681547,7,6.418703985418705
3,11.42050233283266,166.2551703773676,67.69407829968374,6,5.175474359645046
0,13.392851924654552,154.36636370585552,83.79083748518036,7,6.564448554579323
1,12.783067636245537,238.9696402249228,85.87642793494722,9,4.872520268863219
4,2.229513531883742,157.9368898428766,74.83558536657398,14,3.6410665111063993
0,9.915386663971661,234.98918827544242,43.92106012497173,9,4.681302295301745
1,14.979871501103979,154.78415198698346,61.054675501542455,10,5.728298930425621
3,10.983269115651812,165.16626939310063,16.036540611974313,11,4.356643539034966
4,2.2569351216483775,161.46209664522897,67.36454174749078,10,2.6450443746714827
4,0.8181191059583459,795.2203002275076,17.925325573928074,10,5.067289630474431
1,13.563666841249505,151.91300874264653,69.39495905101568,8,4.504045431769178
5,12.855775580470421,167.3089339171025,22.959816075396866,13,4.112783877683972
1,9.545387289521322,231.1454218126978,11.755130015021997,14,5.769055185528667
2,3.576667319310899,159.80430850184877,16.52844901429574,7,4.154038488980757
5,12.763495114522993,238.4709626085337,0.1992135219070268,8,7.635236427411333
3,12.581578499967947,157.04197559314576,71.87396178535302,9,2.0342349783832905
7,9.912816688987466,348.0359305441871,73.24010490583791,8,9.404726766056811
4,4.754317811252052,169.20941358335136,51.493334991325945,11,3.614199133192874
3,9.057405242466302,185.99483893043634,16.13628010553837,9,3.99950783979303
0,11.026343607298212,371.85391135424845,8.355433751068976,14,7.681926207527854
3,14.605311441173193,253.32351361505908,1.912896643728701,12,7.481053167482005
1,10.938091218482857,947.8803891912148,16.57481769652207,10,10.872388270793028
1,12.469681633648598,196.05654978951654,89.08555349831467,12,5.443785260364504
10,10.783160785739561,232.19039281635304,24.153684170168177,12,4.898943413322744
3,9.91950641644069,179.27651506179865,35.42713272172156,9,4.421169910796943
8,14.887843535718797,233.4205431924512,10.534548448133318,8,5.758270003137124
3,10.865338044205302,232.59880439815626,22.236130474817028,10,3.7354384026146654
6,14.25869442575394,165.99763551592838,51.922457078020514,12,5.91344016583608
3,9.609682241237604,505.7578576905385,60.775268309565256,10,9.001225310364969
3,9.491732928175583,155.24013030577345,24.535231416621105,7,5.282393739807598
3,8.21793858019158,158.3210746494109,5.773215922511721,8,5.518770109896264
1,12.561667777631195,172.37008728413855,39.10328691273987,10,5.916870328497544
5,10.579684406066328,179.83492547532964,23.420337092633414,10,4.515316284090454
1,14.05050774887746,155.8629386896728,21.955392322980195,14,7.080068163743653
0,11.3124693468409,282.28808132952196,95.98628027134552,7,3.759681333401165
3,14.777353995403052,405.8534943258635,61.63004859257241,11,6.304478352843772
1,9.298678609921847,254.33276910692973,55.68784431720959,13,4.030873594607291
9,14.080362175689276,162.18418977322284,41.57751035233219,15,7.2723000702896385
10,13.436177969542193,587.0582700723063,42.89443334301443,9,12.110675667387062
9,13.396452912508364,180.98986114269596,54.090500383808084,11,6.30254005654664
3,13.913482596818213,150.22890777995838,69.64298070361072,11,6.700310886432899
0,13.327167936600993,158.10361703938824,70.21460961818295,10,4.065266303727044
9,12.383542251419907,188.4826798865457,17.169390770544958,10,6.315267325077984
3,8.918714143776713,446.39832614616444,50.0112752076627,11,6.96843694788036
10,8.227683256438763,159.67355159694353,41.195809503410196,5,5.139752816379988
10,14.445934934709808,179.20948041676124,87.05269662693841,11,5.373666166324045
8,12.316552201645166,344.9698546020122,63.14189212183764,10,6.233639704596224
1,13.575761036833235,376.4119175340575,53.25040664159818,10,8.656737332478295
3,11.37065646058785,154.8499847648809,11.539464217891737,14,6.4313859236013355
8,8.821157322736761,172.24242270439026,60.56378893234115,9,3.599916042219044
2,3.876300545417853,159.81144940663225,11.720390568023342,9,3.3973081761668915
1,12.798957010602798,156.662258413196,33.720657556575205,14,3.992545627511573
3,11.01214126429624,182.24779033577565,14.284196481433186,8,2.0398851841138854
9,9.403673086902357,189.01681536313527,69.20736470243689,9,4.7769861345427955
4,2.4579727337071846,202.42283671293004,20.62521138361526,10,3.954981693019717
3,8.449462559525939,227.6261733249524,39.1859373188026,12,5.324139761315911
0,12.073799813400791,201.69007189352516,89.56747776187787,10,2.6346470531899038
3,9.882953831045684,163.67456085090816,20.431638339897027,7,4.473099286095317
10,13.582913704460317,178.89301283318474,50.780506395877914,9,2.5285446842975112
1,10.172533712465016,155.84984372824283,41.9271661166022,9,6.285718693775998
3,11.186541043572609,200.1799458614859,1.8124041045729733,10,4.210877453859766
8,8.081343779356704,178.3434209482571,79.27581135728128,11,5.269871789134763
5,8.507128214561913,175.85761781445316,6.904590631459973,11,5.955213231261474
4,1.962467782033424,180.00206676993608,47.42550209769536,6,2.1822808443273805
5,11.359571843019864,169.2986391138936,56.06782949389499,12,3.5640924239559153
3,12.200143836835126,255.22441751258665,62.842645661458704,11,6.497118779150837
1,10.041638050965123,189.704627126543,68.86316293078755,13,3.7227699894357564
7,12.864873202885798,359.752242312387,25.327238352271507,11,7.754176313424209
7,14.020856780324433,211.26697167997284,0.9978776658449373,12,5.8102854060423645
8,13.45895692225345,193.19843950892016,72.3443662354912,11,3.0915563375975696
9,8.2773317774385,173.82305812126933,53.56565993475786,13,1.8898189813196016
3,11.363548630804804,152.5691709908947,83.61177032072487,11,4.787207210499556
3,8.734511248927223,179.02945821758902,82.13883629006943,10,3.569562118433427
6,9.694315111037692,165.96637615578362,84.33261677878832,15,3.6536527291142726
3,14.906638152870025,190.54344461106382,48.50946599795402,12,7.216367961535635
5,8.997468800310592,175.57978722155053,33.362839583686565,11,6.041981334704496
6,11.492217074159493,425.47258759842435,79.155820259137,7,6.8363598006796344
8,12.327090140226833,248.26617718447474,45.12941130292549,7,5.592608282574307
2,7.917254793808728,216.23935886951205,18.34421964034345,11,5.5782255261107
3,11.917540784408398,195.47961646897133,85.49740195614743,10,3.356168064431675
0,8.068395931934285,518.0428083358631,88.25598767723473,9,7.723056508002776
3,10.285229157707944,317.238243659795,46.63097561401701,10,7.1434794561789605
0,11.62398150369298,240.06656811068908,7.569972730978747,13,7.290583360709813
3,8.615065494013834,151.45449434669501,38.782608991693124,11,2.2079248941740524
3,10.454388518464265,223.72346136773953,80.35376594626034,8,4.08659809658083
1,8.232421761539566,194.0316660988781,90.17740285462287,10,3.1971642072988393
3,8.550049480085145,275.82069305060054,20.347274249759582,8,5.834391851136674
0,10.778462933411173,177.95509126453726,6.697361202527152,9,6.057062719683311
0,8.929010278301423,238.75209402469636,87.73504531328386,9,6.516931543054214
7,11.972785937830906,269.797431360895,38.94049389788753,9,5.521976717685173
3,12.82625478396086,189.1343311864498,54.176096426756324,7,4.864999676617521
1,13.60410689376358,1397.6894151030353,96.80658120507589,10,22.413760866920327
3,9.40105170971367,1192.2767228719363,6.656472791422285,9,16.333937168876666
6,9.172378075813489,263.65335961915554,64.83180074520956,4,6.955025292460117
1,8.731974882340802,571.8438944481467,7.410542257486707,14,9.464501384151545
3,12.455011746805457,354.2540350440816,37.54689284665004,12,5.174633642836675
0,12.945330085408308,221.7866579189225,80.38145451934467,9,3.767212588814652
0,8.221103013779494,161.62315582670365,43.34722327556344,10,2.594194244720754
3,14.55348572370583,182.2158495820291,99.71823539029504,8,6.36760239397492
3,8.363798985560306,189.66320722344386,55.905928494660216,13,5.744454487302613
3,11.789074347107494,234.58831974365748,32.11621526359535,14,8.733082514925348
5,12.963423636156415,153.59753751308727,22.011132590475313,10,6.727945015025318
10,14.096783866222598,208.70715980700564,35.05205342861618,12,8.08080657310615
3,12.998608524926993,388.85114399488987,37.25332737595508,10,6.639582195957464
2,8.612096581488544,177.3016432012563,6.8713677723960975,7,3.453054486194968
6,10.376151347799642,346.38459094237766,36.95741994267732,9,8.109707975614558
1,13.703775796225585,220.19627436259387,46.423851973922496,10,6.807279562700343
3,8.560803924692726,190.38466155406454,72.27377522388046,9,4.4373849526182125
0,14.263716592423695,156.95202307192974,65.6729484721608,10,6.009294853441697
0,11.833146633076154,192.34293828919772,70.87656552291543,10,5.590906002484299
10,13.721084389737456,169.3304876734461,0.8363681876857099,10,8.07791545289901
7,11.166227991628102,150.3611046232458,21.766739958053606,10,6.721323179959606
4,3.2178884759826247,325.7751254047127,66.16842883998565,8,4.999254817425888
3,11.684818626552794,240.78566983295516,48.398936817974715,9,7.081016655978602
1,13.121126652287323,209.1969069246091,0.5313475668345946,7,7.185188260969996
1,8.571409874214128,203.96861606314351,80.44946424318223,12,3.8732886437014633
1,8.422464587933947,205.9796546570509,77.28095732903374,6,5.223425208189838
3,9.729722638071024,154.96635683464936,54.841916299356264,12,2.8879905611490773
5,9.116812760792318,168.34256177068744,6.646332577627212,13,6.1861723421932115
4,4.3589178329610085,178.25729192009118,76.65150495325847,9,2.1783037756032155
1,9.53449791150631,229.78729310135677,58.37135877313639,5,5.46202466402283
10,14.83105679073392,160.17717708148365,78.19599771579591,9,4.359662808944682
5,10.358270542397747,152.3256602499199,75.17469923958404,10,4.964420271229918
3,9.274825409820895,160.350926491488,80.30020719578371,8,4.084277232868914
3,13.527889549997354,2577.7157470499506,51.80080664046248,9,17.82353289564675
3,12.610954428506133,175.3529176972326,14.032451819351499,13,6.3723758170153095
1,11.487370015171972,492.2208856811004,67.11574733796887,11,6.94929660086572
3,11.88754485656342,247.02484035028277,62.04737850519706,8,7.104095170673166
6,13.034412447905847,459.87496358777105,74.22531871990871,7,8.117789084671625
0,9.599183189319092,178.69304622010236,16.98810060507353,9,5.512786726897659
1,14.974337412397194,170.68444303519544,19.497519990028923,10,4.757946545764199
0,14.823552135027482,345.5430167889398,89.04095172193284,11,6.1996634745524615
0,12.552279804428558,211.40817109385236,74.99777984520708,9,4.871296484496193
8,9.396797156504016,198.0488309141786,90.82284887003229,11,5.368427855931841
5,12.761597697019038,214.60977344356883,75.87153211639207,14,7.916792701287676
3,8.50538886285423,337.45009298792417,59.71553059903019,12,4.715321163248843
0,8.214567515440642,204.4969990120565,65.41327370278736,10,5.640986408756153
3,9.803780219578496,165.37947436833997,88.91279239400099,10,1.9289824030634106
3,11.238360697175214,425.2730574837222,57.88067545119405,9,5.249330720794102
1,14.077907537858664,403.15628195967037,63.239132432838744,12,6.020591012581408
3,13.090183488364156,217.89036191689874,15.647671600360058,9,4.166471430674652
3,13.198945648399867,153.04757736082342,47.39212201161027,10,3.23575091923316
3,10.978453341136527,172.2997862011908,71.6397111958099,10,5.241775647482528
3,10.42154494782874,171.38658342935756,27.09426983163654,9,4.778139381713883
0,10.597271340892219,216.22399423947186,20.22541805245349,7,6.141353612478971
3,14.913546946152405,179.78688727622034,31.382680822441557,11,7.28480690148027
3,8.280764339887376,1043.5046358073726,24.150062799283344,10,14.144505287814273
3,14.06922047285714,175.3829985588117,21.491263703639586,11,7.052112498069321
8,12.050727860006754,154.639673180572,42.48508428680869,9,5.044979203746037
4,2.1930770959479524,177.7676504723688,90.78385138835341,12,1.700537930936166
1,13.076803622905956,156.9840862491127,50.705964673871826,8,6.742043696474729
0,11.40668258997292,167.52731066127905,18.792038081532304,13,4.552702511688805
3,14.113962666571624,338.0057991964524,7.697166938087408,7,5.999778378078219
0,14.30491304807881,155.26588100458054,69.61561451379252,11,5.191085940343629
3,10.952046488114188,437.94720194779444,38.279876443638784,11,5.969608673793304
9,9.937794580645361,186.849305878848,82.18309465853592,8,4.058254933793693
3,12.146452300153536,315.244409093129,65.95107686407702,11,7.091175408336808
3,14.386543419316837,974.2392572039723,79.62414505413685,13,14.722166468721
3,9.474635323039665,203.93101962315868,27.194603941844875,6,3.9832040225489864
3,12.36076608494438,234.10222169653383,69.2358922461058,11,5.039137233688036
3,12.420921540647644,193.44375476471475,26.406198469371876,5,7.326836971267251
9,13.131791156906967,181.62454453767717,93.90684794502916,8,5.800496389148192
3,8.920973795890818,528.1511627566026,63.63742815333744,13,11.96086263482349
10,13.01077475277462,335.12915503025926,32.451180017534206,9,9.427151361962308
9,14.363227644659487,183.79289589347093,26.951186229227265,8,7.921213342767777
1,9.257781762091694,220.70530484581397,19.09265850716435,10,3.4810386285646215
0,9.662803274467144,167.10746102280928,69.46409588937279,14,5.230878815110692
1,14.799765658291477,173.81666180041958,21.87156129979273,6,6.136819409603673
0,9.266838668966429,158.7467765259496,59.53032659274891,8,3.7153463516940883
0,13.980695653587054,170.16897601803504,26.463502692535734,13,6.18140500069776
4,2.461389282240174,202.5107934292959,66.19689447938686,14,3.682311214046705
0,9.73061752082224,171.89986864200029,81.49397285405392,10,4.8797040982955995
2,9.09524930890758,240.56049675338446,77.80252431446532,8,3.8249559247533504
7,11.117136785018658,230.68284989442944,76.08513309307817,14,6.313708306046003
0,11.60372147750783,162.5811246199507,18.772240569225207,13,4.487996176102605
7,10.51463358579836,199.66781335427467,8.838494698451871,11,5.836892567647912
1,12.150655960044492,161.91674816402212,69.89488284873856,8,4.581889134577084
1,9.14466710809516,160.26877290850382,36.83472137943513,10,4.273160670561369
4,1.9554076832588034,157.9859243771902,43.23462264033473,10,3.1413889665647625
3,14.785886256347013,154.44838426091516,3.1149092793391064,11,4.594955931653888
8,9.806934028907893,202.3241668093467,25.95764492750492,13,7.751640704118813
5,12.597156651789046,227.0905292284359,3.3676403874464023,12,3.478918287701069
7,10.276330449572864,181.05825070830778,87.91857726012476,8,3.8280315806792613
1,13.414311879806204,214.13913816146783,24.339668321853047,13,6.830174301511983
1,8.916115625028448,178.98403786045085,55.73371695730081,11,5.11326622003092
6,14.788747315549813,169.04881168075636,3.897932066113041,11,6.189223183129959
7,11.176526789685475,170.52523478187948,66.6847391305658,13,4.763200984972
10,9.652353243425248,213.39675431774407,32.30273457540939,8,5.7602098457366875
3,8.514477231310089,294.8068793950804,89.79191869576658,10,4.879605058065238
3,9.188305335612785,202.4047925348725,88.81181889340358,9,5.977001313687522
6,11.638417639892124,314.81900816387997,32.529061836174776,7,8.145234163893406
2,5.359022235019005,155.99400998495415,90.09608956904678,11,3.6530769437333976
9,13.802183561178266,220.03521270732534,99.61576734987788,15,4.288898993333286
8,11.016212665632642,304.4440737081027,82.5415664123948,6,5.8545299217964395
3,9.740999908113409,676.8667296374289,84.4871347755229,10,8.65602727235484
6,12.32001490622821,174.43525797748683,24.90087361090899,11,4.173703273582081
6,12.947440518198121,175.30361064268135,57.67023988577563,10,5.900603472340105
1,9.16929335530665,221.3464148043688,6.725591396736785,10,4.707530715722262
9,9.173334514018224,423.42588519209994,9.491793682166971,7,8.650525384080973
3,8.2566999885348,206.24448902768194,99.88926120332906,10,3.02336254936785
7,13.154814105459483,229.2536462693128,32.663924942591095,8,8.9425789117666
2,7.646631693352636,171.52537615191193,74.81839120488463,6,3.00957017866937
8,11.322416130248698,178.4821524233521,80.66650530268164,12,5.072403608147294
3,13.90919314278438,215.61337330558592,85.80232710072292,12,6.918736544794312
0,13.639691070650372,264.2292685773393,99.76282974021565,10,5.190839101183023
9,12.097480550777265,150.6036234534319,24.149648525686786,10,6.416067346118252
0,14.07789896359281,198.4127793142926,4.035082685969971,12,4.477120960450691
2,4.440888470257377,170.53668506399367,41.1191517994586,10,4.640293898335065
10,8.783437335784095,316.7349903230695,13.008066982894695,12,6.255177114264032
10,9.888247280618927,193.504416467958,2.2425889162055124,9,4.581808936341783
3,8.399607992625205,652.6204934458375,36.04268271414861,13,8.572649456297917
3,11.718186696007225,190.65614190357866,78.37382510752364,11,6.0741096722778565
3,14.55623984606473,151.84918591565014,56.61806912250709,10,4.774394518121259
1,8.275404784679568,211.33088851023024,31.277798921035405,7,3.957154863705812
2,3.8547693980701876,556.3955715677478,65.43420054927196,11,6.49263385004777
4,2.2609951414171765,618.3672529328456,23.20181803088107,8,5.305125585743953
6,14.537125122695334,210.5430639639302,1.4381446072085025,9,9.786270330184797
6,10.213092734837254,299.98052066503317,76.43533864364274,8,4.969049370860333
6,11.550643660818746,704.3906165560326,62.374308486400906,8,12.450863861897115
0,8.291010013352745,164.99468136317157,76.23026245009599,14,4.167792849081399
3,9.038402406734622,197.67923472889913,3.893801668766561,13,3.9181870931149776
0,14.90641086071193,235.93760858685155,83.71196278306522,14,6.239556638393896
3,14.755830875052318,155.40438442113359,61.95262000363033,8,6.72568044142036
3,8.034579866540867,343.4344050184143,56.33953507126401,10,5.6028686277701585
8,14.662682497962674,152.27971093750344,62.46140481145316,7,7.223430151073841
3,12.473839564708502,228.46711117818379,86.4433246868364,9,6.953164009543828
1,14.075428061640155,156.0949780921119,58.69365065589071,8,6.75474031576803
1,11.183178989437014,178.7840016885056,58.095037988817936,12,4.427804945152714
6,11.60917220005475,159.9826293247118,99.06791570657658,9,3.2935290327748854
3,11.421926061798441,150.8090555466559,75.6730167068568,12,3.9001666308308947
1,12.66804980282273,236.20797520169077,44.22938054511353,11,6.385418158053765
0,8.97755878329419,152.0017667359802,70.73970000329277,15,4.610575951368066
5,8.209815129108746,210.23462299131904,38.92304716917885,7,2.178375905112558
0,10.155509591138337,211.05755548272117,22.8875462483499,13,5.409582930620915
7,12.932765339156527,221.40103926503085,59.68518768877594,12,6.081569169487511
5,9.412974164860639,185.9057473536665,92.81820981139515,8,3.986860766966462
0,12.714027033274421,304.70367904128295,92.91395200154628,12,8.328999479254753
0,14.789384322750893,184.38730169768553,34.19052781054903,11,6.853000580338609
10,8.65730501052593,185.86846005535665,52.7677466221695,10,5.967770743894674
3,12.708214827575883,164.56461411140697,21.16358985698612,8,5.308121876878404
3,11.106251535131998,159.52370647409748,99.56311094988834,9,5.401808786524137
7,14.076995780642537,200.6801199597033,98.11179078679358,14,7.811515327007408
9,9.240048526131702,231.8683154380579,64.95089297074473,10,6.611977887741881
10,12.848381665583151,246.36745851306137,80.44140596774734,12,4.2682679333693905
6,13.866807027536773,276.6741444018968,71.51001612837,8,6.104956116027875
3,14.612299536318162,466.49467325201607,59.31582190394682,8,7.971984671383086
0,12.782736198027521,220.8845095709379,5.3347996988897695,12,7.12801719319274
6,11.480223348058992,242.36187565505892,45.476434255266106,7,6.840799453061013
3,12.324930681408496,151.72264233795318,67.47863021674105,9,3.891064533028472
3,14.082334891351028,183.90482960118047,67.75316138836847,10,5.778466716815806
9,11.994268226471808,219.69223315267777,37.31226184223836,10,2.882177325722396
1,8.212709417877859,181.25353465446773,94.16919866580305,10,5.338576232288352
3,14.516640868548844,318.03130952795055,16.7357032236781,11,6.663210398624887
0,12.826687257220929,200.06766307752827,50.03594462155606,11,5.786692721396403
3,12.735593700440726,176.3663865638414,69.08839765508228,11,4.849746080068127
0,9.50972606678402,193.01808032780923,69.71358058918092,8,5.931409818854795
1,12.612198291628602,207.76348489384117,64.86389567688155,9,1.6222729742446726
1,10.75705083957911,150.3090069560838,27.528821345186017,12,4.896646034583775
3,12.558630839290444,156.58129865549824,15.620656868662197,12,5.4024600689362705
5,8.746151212155935,176.65272131048366,63.594032682671084,7,3.82752347710594
3,12.604917132221253,182.52563759473338,59.930211613943776,11,7.697742785974593
10,14.995896080394665,176.9325350140372,17.935601028924097,6,4.932760564624388
3,8.337484272023893,272.87689663036855,70.51391455705634,10,6.093584778550394
1,14.840219289549221,209.0837216438577,45.51719917336564,14,6.910890162873402
8,10.848355725060095,553.4125404959891,66.7760591603153,8,11.283924883578196
1,14.095274152360814,195.01192454415508,83.73670797701507,8,4.696406091480003
10,13.476698388407915,185.70325168534941,16.972842857692317,12,4.946676056731443
0,11.969113826906675,259.5419874629946,1.9144867996836679,7,8.368451910071052
10,13.169144464759285,151.84858159607163,77.91025863957867,9,5.56668839305998
0,14.149608929109435,154.85991115573768,60.96974251526159,11,3.3611673072510473
8,10.828982251557232,167.67611615909055,69.96395696221217,9,4.052791480807589
3,10.289232130942672,186.92379822252454,83.81549749886426,10,5.048058651653489
10,12.673153698945093,157.21315378305457,80.28109348245005,11,5.971747073599307
0,13.65492159358881,326.65683067680254,96.09201469288247,11,5.578376586445991
3,13.33599594343631,162.47250617326475,53.59350788521182,11,1.4719401603239488
10,13.584695542010442,333.04565654377495,48.84956326599054,9,8.184924807884165
3,11.04908320369053,162.21015010767863,40.18871998907301,11,3.462427687748475
3,13.724839513225152,240.4269472524722,15.369104284420454,10,3.3119306093511844
4,0.6010452768530422,156.77701515055224,57.26072328820224,11,0.626289065608161
3,11.811423685725947,152.92107655207968,27.70125243259788,9,6.264257778793902
3,8.040310623486851,309.2414347856871,92.13075122129754,10,5.34778217635973
3,10.272100809301893,197.01501724943148,58.31908042770976,8,4.675453599374262
9,10.565230744099786,150.96440499032803,59.284018050811014,10,6.140943555315275
0,10.773208841264788,193.8279653179299,35.492466087701004,8,6.117393172388546
1,12.868270446829035,157.61105241492143,5.198935197770749,8,8.061059703043224
10,10.71990670889242,180.32908768992885,3.174376537298862,11,3.553391149261026
8,11.140855358357715,213.2275318962518,42.33351441531975,10,5.446697402074586
3,9.662808916120293,237.0601948701441,8.456537809723786,12,3.397219455177084
3,10.612762541405381,271.82652383570166,60.68469555401391,9,5.43403405919716
1,9.59088739084206,164.57240549393885,88.09730056396575,11,3.9037587087425316
1,8.512371466379106,210.84312194796598,88.29148165187222,11,5.035617004460345
3,12.224140153669644,189.85323768594,65.90454101322324,11,5.355843138951258
3,12.677489589885113,192.5193534592827,21.1231831472931,8,6.800262219389721
3,12.3364324220673,181.6155216459203,86.29968313588721,10,5.923120343321111
0,11.244458306604006,157.48481406441692,88.60934353132082,11,6.924093622036567
10,10.658500461254608,150.97717142042868,19.66535849529587,10,4.58537679559387
10,14.043335547002776,206.63590667862456,73.74260857706773,6,4.465928570474401
4,2.5954089256810904,159.92868514575673,28.651954892712293,10,3.1438210444772894
3,11.354273143408117,164.36769295273504,80.26403123529296,14,3.7410165158758493
2,3.1794944606450497,182.04511134377722,99.72378999036027,9,3.588062320817196
7,10.388734793383094,152.2728470362515,3.0026005329392813,9,4.729499268967235
4,1.9009780939292853,273.34200659064675,89.73658657909318,11,2.843100647338293
1,10.791759466278304,352.52483612058813,62.26305335986581,11,5.822821041769175
9,12.061206584591325,158.2133235142553,97.33826191648211,12,5.454552190164177
7,11.73521782708815,200.90153138592223,46.50095175264276,7,5.261783242569386
9,12.255335649554112,158.65914412267566,84.73879305713737,11,4.032549985490958
5,13.354182830794898,155.81624274637193,6.239406859827723,11,8.26336059625681
3,13.690900171012654,450.1357695128033,33.527905007829574,10,6.750435016587586
3,13.02686153358546,156.39112073791887,6.701653775120997,11,5.804768383300054
9,14.688665871684542,199.35040365872408,97.53431334790706,12,6.618286258228927
8,8.127628078734531,189.96867302653519,81.69739072718367,12,2.436538888832647
0,9.370445899784823,176.3302629234735,85.25474212459704,8,4.764047686887372
0,8.052940124846995,153.89742971328585,93.79652314338942,12,2.6608899249831133
3,12.532322999082222,773.2699412586695,8.510348611978536,10,14.2039111551827
7,14.286213842649907,194.8145106054411,38.55975925133334,10,4.657851346695997
10,9.704376076034094,170.5850666749186,7.103488904400212,10,5.93742019174965
1,14.489241813574147,167.6302126401721,21.07931015500286,10,7.770847498414379
3,8.421871732026926,170.16553982916653,22.936577703767234,12,5.563619444943646
3,14.5410521876386,322.7367212265489,46.91072110475787,10,7.858051905909205
10,10.46135881067744,232.75838080737134,26.856216745364257,8,5.346240060982761
7,8.709945799144515,216.9647967765046,10.09781068177611,9,4.490159511228583
7,11.401102314304278,161.49462343982137,16.749108909410772,10,7.246017143239011
3,9.797435974043555,239.40213555133764,14.727556355209092,12,4.700005267719218
3,9.99411031373346,267.8525343036234,97.30767979122983,11,3.8547593522049057
1,10.151029754484007,152.19800017246178,75.92925069184736,8,5.015790549807583
0,13.621181284828644,1112.1910556686541,96.7761465269562,15,11.661617029914623
8,11.774128936726783,150.1091356150185,43.974048650790856,11,3.81614391731694
7,10.179153894092025,171.55224697548658,27.83684816626566,13,3.1839541187471516
10,12.272336483176428,159.86561478776218,79.82931972091866,10,4.280691823037041
10,13.013054719562355,234.23380949925777,32.62539180411468,11,6.13970554239349
3,9.908368005134736,885.7956603864858,29.93833737053483,12,12.767107895107527
6,10.89484371067746,166.41534110566295,23.25059922078312,12,6.38143949317921
9,8.853202653358633,159.4912287123476,12.967897822423534,12,5.294811431182038
7,9.268045446742763,166.2102586627507,25.646306101676597,12,4.497295173038165
1,12.76782497775488,314.58147966893335,35.53197484738877,9,6.636478378470155
3,9.270068433869389,165.20707339349528,67.39942081457303,9,4.843450928241696
1,11.676143685669421,164.0403747240573,6.256484221945158,11,7.245664549808168
10,12.963323832057029,173.2278156785261,21.050693966534297,12,5.94457679530723
3,8.748138461663206,164.24909084918767,80.90236402916764,10,3.548966512862169
1,11.971185537402324,158.72639384155664,14.692192358377076,12,4.0845438002472445
4,1.2828139185068188,177.6603023114503,34.26451465225215,13,1.7593985827986445
3,14.74048812666306,385.9476334009888,86.46589218581401,8,8.959167127454116
3,11.384819527039474,193.2042038518237,15.492531114344265,8,6.43586138953418
1,13.641947848426106,408.86502212473744,8.27368356181899,10,9.631230991105117
4,2.7511327107813086,206.64381960821154,48.45379950800108,11,3.1645144653849995
3,8.303887729983733,206.7277820012039,30.24195112785364,9,6.543513307566745
6,12.432059629158157,439.2204463398732,56.34083644838541,13,6.976221757172444
3,14.6598233954466,219.31638158776232,80.38048904834751,11,7.5001899383097115
8,12.211282741024318,350.1526831133437,13.714848815274316,10,7.345358087469894
3,13.734322015987532,161.2323510986191,58.0699084554285,7,4.634014530789878
3,14.189445243438854,152.72290750590105,50.550876038986395,7,6.3940440372919385
8,9.596558403642527,421.8616353500218,14.407878601319958,11,8.239049195287548
3,9.484313879357586,152.3227303077407,62.39984855289824,6,4.651403131211945
1,12.276866921956941,188.3327532432416,27.364041786077166,12,5.794296930944737
0,10.877199288646933,232.7064894983298,48.78343185440125,10,5.5058729369460995
6,13.879029120067042,410.69817660053786,8.227232427706188,16,13.566453324891555
3,14.300161863786078,191.33315398432282,45.958405721362304,15,7.813695996221094
5,10.473949655119027,162.18861866551276,30.646346804282032,10,5.825500867675691
1,9.658093912821375,168.9224188863834,82.23812111853543,10,4.401029747315832
1,13.463678606707033,496.20625527874654,5.697872699736828,12,11.605342954738731
0,9.923642248836952,420.36570814091317,41.860727491832996,13,8.206892747813523
3,13.758300229595749,207.54904187873052,45.8431424131438,7,6.096312201549029
3,10.96616777554134,234.02433913676194,72.50060762991187,6,4.950247488618143
3,12.672849295040294,257.44195020702114,57.428757509021096,9,6.043562752100866
3,8.668747196842677,238.64415935255025,66.72123371941811,11,1.0134112508674753
9,12.367015272736012,161.56082651820205,77.7049285651756,11,5.189894801013899
2,6.162373751160604,153.73823236351694,86.22029736581888,12,2.823065766293619
3,12.106259242228319,207.11492196738106,31.38754967224705,8,8.086775060316253
6,9.176099454214043,155.05320296702706,53.802270536390296,5,4.327360663430679
3,13.158116214609276,226.36500493102875,84.01080784391999,12,4.014912909182542
3,14.0395795428026,194.87627316777088,98.94511309650565,8,5.4010052707881036
8,9.517178600635429,260.33808726221923,88.95193110437631,6,3.761141686083425
9,8.670001888641131,174.95353742436112,37.14672626243768,10,5.083545052827226
1,8.165470102324354,151.0678071258933,19.516651721865042,12,4.673784700861791
9,12.493800503102861,178.7252805232064,48.93925374065887,10,6.719496880483785
3,12.249658252621465,217.17498175188607,74.16414518360422,9,4.406538835117429
1,11.82688188899849,174.24350086950074,49.25690707532976,10,5.2508529331058185
3,9.623629672811827,335.2249585251047,48.31808633136685,9,4.133606340871921
10,10.736341971338604,156.07973071014868,83.82304210818006,7,5.179463291234948
3,12.16133434630321,190.9872269564046,36.14037790671863,9,6.3137691598168875
2,6.477368012014185,199.17902062715572,85.97946748116456,11,4.2163205307525
3,14.914498641504212,180.6475595134075,40.680480095172356,11,6.130775930184786
1,8.955078267897132,176.5129836290002,32.82331056783394,10,5.160501204239306
0,12.866011878333158,423.2595776214044,45.3989911199699,8,11.201825279229773
1,10.830231376730044,171.03511292580276,76.24469586748684,10,4.323650643693935
1,10.997397304479303,253.30760723560059,12.600202786399429,6,6.369812982915722
1,13.023184359607233,168.34919285140882,19.64192158720174,10,4.183498592746039
1,12.847053059270587,160.2612371069286,95.1444825663092,13,3.807357564856063
3,14.938791955915319,161.52781206049093,17.54916273813574,7,6.325471147291816
1,8.898760026178877,184.53444101679855,56.77273179310546,9,5.744869059756451
2,3.7287675456891645,188.65240092835472,57.931446666193786,11,3.0318523119646277
8,13.070371719901189,314.5577066694755,48.96244620502448,13,6.515200826354319
3,12.048708419044864,163.5670075740046,64.47452485768186,9,4.494179843711597
4,1.3708033327990292,241.94975987861568,22.982672579761843,9,3.0601318727418123
1,8.555935582922906,191.89102338768194,55.266226777674824,6,4.837460561978297
1,8.599607747175014,237.55617136154282,37.21732552468971,10,3.224339534666682
0,14.259336122648829,323.35430454210507,66.1667259629189,14,9.422133329224557
1,9.3430712730312,176.03240712447808,14.122354337314945,11,4.13059837567684
1,10.263600934808645,479.0145433924511,57.08774168394763,10,9.190203274528605
1,9.586594815588917,165.57448526496518,18.52703553833237,11,3.32181329145833
0,10.48497414082356,227.44704911074874,27.86430631150364,10,6.556301582276579
1,8.485966899222653,8666.432293815456,21.87098003235832,8,104.61313815013774
3,11.633418536357892,189.87325442366443,18.28377798688171,12,6.1644614665486035
1,8.473287945145504,511.99402267301525,82.5710951560667,10,5.569738163032177
3,13.60249555475653,240.28830502906558,28.570756766089033,10,6.924425629637927
3,9.635984573373031,168.93166936776245,92.71237818644494,8,2.9375013028066306
4,2.700059573022553,449.39458805260637,96.99265253451908,13,4.870503043438671
0,14.160553612930208,159.1519326530551,57.126046993709735,11,6.991383706271253
6,12.556141583330358,1667.9783834638788,14.30011226657264,9,24.793934140368876
3,11.730704505859347,251.282687289407,37.45482433795813,12,6.093998495285725
0,10.27033627180763,166.17669401697222,79.7732263348214,9,3.351625971176401
8,10.331013391407385,227.81602514516436,36.739072869707044,8,6.380160586059272
9,12.686408686387331,363.27744597557734,8.701721830278874,8,7.75475240734617
0,14.958975528548173,216.61254516984377,55.678491092818795,6,2.6661145176688934
1,12.63287432894565,242.31007970403306,84.51208514960348,11,6.858528542159228
7,11.904483921590174,158.9332437794718,79.59263871435024,6,4.740632242003656
5,13.114553571674723,228.64324278285744,17.512314013035322,8,8.310847821392986
1,11.256439285986026,162.584883871708,67.27646144124667,6,3.4618522718088895
1,8.420996398205496,155.8884765281707,22.05042634356471,10,0.914605826599971
3,11.93607771114537,201.82612457394492,21.820753455217222,10,6.187633501117496
3,14.703376991537661,154.8317586297936,87.40717733051852,9,5.740063043059423
3,9.227120596503617,212.79692860971574,24.966895274023017,8,2.993513367835407
3,12.83003423574466,151.8459632248839,26.32473465180112,8,4.126403378241318
3,9.406535820613396,384.656870001318,0.06533907612995549,11,12.155253125552083
5,11.750793791311569,170.64672624204593,87.06690341255177,9,4.4087888634100745
0,8.676735147527037,192.30438509690123,79.25948132091347,11,5.085346626715045
1,11.152596553807296,210.61302990818294,62.7328935090678,8,4.410202226273633
5,13.293143302266722,175.71786758244025,75.02657639388423,10,2.544766269362277
8,10.433000669672875,169.19492224666004,15.20485674244918,13,4.929022039142078
3,12.654382071410527,1563.8887908347726,45.832359458757544,11,18.05968556506787
3,13.568149725528105,294.7387687887609,35.121938734878086,9,6.289597882037672
1,14.490244736356168,168.4244047894607,9.37765262570165,11,6.034962005264207
3,9.642494572988175,172.5003300622227,48.61304852149241,10,4.956675056942121
3,10.795211410665157,151.74211428161448,92.07396503426354,10,4.134278091627087
1,9.066912093312922,164.62962948215988,4.005911905069448,9,3.333100682135594
1,14.947384515108627,152.55613530798615,29.14609134937939,10,6.696692421555011
3,14.489006775470067,169.30655808778062,20.754093620570345,10,3.1311946679956844
0,11.779699911963917,233.16978168687493,23.81466536656963,8,2.9432174945115555
2,8.89423306063495,358.07182015313555,90.84345518793752,8,6.985364750628723
1,11.646705840904296,163.09555572262863,46.806905423429015,7,5.717789536862778
2,7.365099816019318,174.5967622251958,46.62994129398188,7,4.061812403989986
1,8.623871024812116,505.55362414408205,76.05756424552823,8,4.851581647117303
8,13.286892943477655,216.65498597320604,15.44922040049258,10,5.212842694348149
3,8.893994385446645,152.2326123713023,48.72653541000508,8,3.9788287101647
4,4.130338151262642,191.3646597799551,42.99852141210597,11,2.1133570069601912
6,13.474196613692701,202.01692073966808,59.69106905466561,10,4.721729707750534
3,12.961212884200835,197.81201285435316,99.95577032504386,6,6.069971744337748
0,8.253122663673334,268.80071597512074,76.9448894082047,11,6.759490289357416
3,10.121898491617301,214.686958128443,39.78657030174272,12,4.725879311345095
3,9.8417879893759,214.44049021442794,82.75530522740469,8,5.680791582965526
5,10.520954852300633,487.03964456770655,17.070836331248017,11,4.343931727922786
3,8.61349922734687,164.14100043172417,3.0463686308960125,8,5.549780494555707
1,14.55870476121744,204.9495026201987,20.444837246427305,10,5.181377181438397
1,11.876615684986634,160.2850325840297,34.041155611425964,7,5.633569461465673
3,10.138670174606165,158.44303218297694,51.05807574595599,6,4.323074293518886
3,10.778870619519985,267.1891668157281,61.51291405411998,9,7.650063934986553
3,11.13041778353385,173.33902644534862,91.06057172144217,10,3.598609915607873
3,12.204160333524321,195.51219541827993,50.98540095504577,9,6.35868741094364
10,11.609755993875485,156.59086608294916,50.127564462572934,8,4.619988589964546
3,14.43574381250092,265.29501749360645,5.024300982298213,9,6.926232465471357
1,11.478744380340812,171.46327556575102,3.491155265622381,11,5.294337263966656
1,14.94510610376319,178.27344481160367,55.11599619163721,10,4.706138238991673
1,13.959974704215671,234.0209167791484,43.81786132483445,10,6.369493997671606
1,9.45957360050135,320.5659954371546,83.91803949802986,9,5.6416078779588865
1,14.514166502507415,173.878578244801,16.067958471184518,12,6.580971139033314
1,8.814564785198332,166.35795922401317,2.49716621170496,8,4.944547868400036
1,13.722147959438342,227.99700291349512,44.903876793012586,11,7.510622635294277
1,10.66436305433606,174.5307219664736,23.74785567522575,12,6.3684592187725855
8,14.145820243115487,209.08509768957532,4.961437333883745,11,4.850022597749912
0,14.076396830752152,168.41105131167598,72.4598286847629,10,6.66852817276821
3,13.641477800823349,274.04676755183766,11.159299995724748,9,4.951516194337863
3,13.53021305414943,155.98698681776796,60.83195000077717,12,6.118024688666263
10,10.132753973686285,236.53029090617213,28.104975016688915,7,6.487778268002865
1,8.566434981358766,214.89307251821361,17.3496050355022,8,2.671970539082984
3,10.820861251356131,464.8986433679804,37.97515229193175,9,8.159814816918662
10,9.214671604905561,349.45997500881,80.14457762229537,12,5.2944499398429095
8,12.864657622317232,189.23014395388662,39.20935769045727,11,4.632026098577172
7,10.422698085764498,243.3138134348821,75.07696492110557,8,7.073884311647307
1,14.829271406019405,159.40367539854532,12.548629679915068,9,5.166609236512378
1,12.486804541417325,874.9716357651326,77.27714196650791,9,9.659628806563948
4,4.112402818171804,212.4151422058619,23.693332490664865,9,3.989411257143699
9,8.927672709192938,222.17199400016142,67.73931298888728,12,5.59488113470552
3,14.034101375908358,769.301039884965,56.57815548409963,7,11.223707156013347
3,14.45930033359376,333.5600068447276,92.91447172116874,13,9.068634107594262
1,11.409433431732552,205.48458221199283,38.732251797531404,12,6.252612366949046
6,12.243770564256842,192.44138697381854,6.616518883444044,12,2.695878936676293
1,13.35366860632097,207.27280626274776,1.9155485551252904,9,5.545902880556535
2,4.223870390822888,187.23921547523298,82.6858560972753,10,2.6658627063438245
3,11.517962535244097,179.62640218937466,52.473563766143215,7,5.768318364948924
3,10.790641194406192,1053.8308447634322,77.52440518349492,9,4.627739752145985
1,9.024617945135743,196.79000343427958,23.44256000115147,11,8.169282061001947
1,10.57274095604072,151.87656928703814,34.50837455132337,13,5.456337729267503
3,8.477206165698455,188.80426655547643,3.010387221131894,8,5.162489243110682
1,8.18068334864641,171.48755825922368,96.14923245741122,9,4.920616317163754
3,8.946164024083759,229.06779114144487,66.78679067008134,10,7.7065104333213785
1,14.741805781124217,163.66635633079568,93.32050877593062,7,6.56200372871761
3,11.846706751265119,163.74499896079683,26.549640742907233,11,6.598784832972397
3,14.760755128072539,188.50255463314187,61.146361122566084,9,6.1586013989039925
0,11.027485148310923,151.22132446617792,67.84999682926379,10,4.428163078762745
2,5.182712931596817,332.22226306383976,31.754970025758844,9,4.669880429501337
1,11.542993039881708,818.1482862959141,84.81092350156301,8,8.90205910588574
0,11.07658182043037,163.94887053427018,94.71614629002478,10,3.6951990353897384
10,8.739652789832208,161.30671990829762,88.48551176960044,10,2.5919016077036625
2,7.485784202831444,338.4261990724532,73.90669759393725,9,5.412002175356139
7,9.512267277567197,244.04390253640278,27.746467972495402,9,3.207338066329814
1,12.337115684284807,804.8005352888613,28.161604210563173,11,12.416290328755656
4,3.2510054619907667,234.64501770601345,96.3360320446038,13,3.166814508410263
6,9.064173971900537,163.72878571439287,1.0284495935692028,10,5.07278717906824
3,8.429447389774676,188.94779769832732,71.60499732421445,12,3.7220059697036056
3,13.465331102479078,219.49259828744766,70.62461625552622,7,10.358776651777067
3,11.218602966385241,214.0139411558779,62.26895409497975,10,7.1317690284602415
2,3.4071465685383306,2768.00781971456,99.01088460868658,8,19.661398903049083
9,14.96406422018837,232.63491364950244,31.187943576372522,7,7.148770017675333
7,8.404463926974566,174.3739976574645,33.997186379324816,9,3.8201347938520724
10,12.865246602009872,151.31579949486988,7.893940294655555,12,4.217443148462598
1,14.885752476843894,158.65324492737255,44.27981365437375,12,3.9002339898484295
5,9.674260729511479,701.0140095900854,26.10485262348481,10,11.266314490579973
9,8.995745580810373,155.4936485758982,34.338670217764424,7,3.7006643985278362
1,8.849694575957002,162.9962681372098,83.45717902556277,10,4.977531336741169
0,10.122926032973169,163.20041353483762,93.54845135274957,11,5.277492877417041
5,8.707320677074527,197.7642152778046,18.573307200518563,10,6.675394833040681
3,12.845129391858922,208.5096022404227,37.25089315534659,6,4.661512460416203
7,8.436042586910439,231.69337315760393,92.8630562115394,8,5.031780898364741
1,11.565954897048528,440.1524223938585,6.180846068922263,10,9.532669484054413
6,14.976877976970837,259.31894245753915,9.236052811137851,11,6.386187434595414
1,13.69779188654213,251.37254696146704,16.279098920622936,6,5.468119907769145
1,12.306536067617076,193.72845080401666,59.521283412687474,10,7.599085388599744
1,10.143775345506281,165.66728770277246,15.047227100599747,10,5.328911208771024
7,12.367270854041468,195.27736943692418,96.80763814507335,12,5.883639987131954
4,2.6352073195582584,465.7853221865497,44.671452725852035,11,4.663556200485228
3,10.982583687232601,152.17976415219442,50.15179603501664,11,3.313170838901467
3,8.914972637181396,152.99298486520877,24.66586158054065,8,3.869672997614421
8,14.206229506683268,162.85290589978567,47.09602524347335,6,5.532112745726632
3,11.148492541749258,150.43644565694572,66.19136326370115,9,3.3978526517192833
7,9.362357582745355,185.52146999016256,75.11771369540428,12,4.433687833151401
3,10.574315456141028,151.91523201618918,75.3868082709913,13,2.5477660464009926
3,10.898908267702488,413.6843596332729,57.789111269408835,11,5.2441629238877585
3,13.79276526896812,215.36703952262735,90.43597749938573,11,6.65313147170717
2,8.135300663929815,260.64011879994445,81.74078473061094,11,5.5508115305136965
5,13.38513425548938,275.97321692257935,75.70481146986255,9,5.726964394938424
3,8.07721885100053,316.4981047122886,5.560552168046062,10,4.5692922361481525
1,10.91307798725833,176.75364257537123,0.6877962219649314,13,4.0790919402154895
8,11.369409061447264,163.13188243685934,21.244727719547296,8,4.77026186653254
3,8.134345937761397,181.49947073294334,66.35235939134523,13,4.859394350461088
3,9.818692461215239,310.8533537301943,41.119748888254584,9,7.579653163557425
9,13.322028761854945,161.03411509122344,40.24062592993117,13,4.850939017356685
3,8.959767940102994,175.39693080408225,88.45868882296138,7,2.9243057606134917
1,11.747170920168141,210.50605415168693,89.55628481318388,11,5.490890710558911
9,9.506413104120663,171.79461237889993,90.91752640535857,9,3.3236736442766053
3,8.084845422507254,246.15198170176208,31.38780765150273,7,4.4991601568906665
2,4.68841020319679,220.20390023856365,69.10558127392618,10,4.9033621081561005
1,14.831116284370378,154.39995563420905,27.163318127436963,12,7.216713087056945
6,13.610759783180928,235.53402387880794,19.060983307444978,8,6.826791279832812
3,14.717036510247233,195.8668120267032,18.463245734736923,7,4.401277724532688
3,11.414978307484537,155.99138420572282,34.2107620863594,10,5.339577905680762
8,8.768153390742524,168.8690662690123,42.99576197798217,10,5.633182557557259
6,11.83571642281585,450.9530717804248,83.09491710550684,11,6.920284121527066
1,11.180641341919726,310.5518365960738,11.98910934727121,12,9.071192027551163
2,8.910499579177312,1179.2703173820998,73.49258473948942,10,18.90224882880934
1,8.686578065489712,175.89608833218898,53.14549141893053,14,6.22890325957366
5,11.417687959152447,199.45806065682774,28.794534267599246,10,5.985425879413713
0,9.05034065285789,322.89945012474146,49.281958453282456,9,6.879665549948559
3,10.27273148823042,152.17206678255917,29.994206977702266,7,6.483437125761137
6,13.161499541714598,187.4046800141551,59.608195523830595,9,6.191150089054591
8,11.332126905581365,253.3237381032404,43.38439228552442,9,5.189041723467155
2,5.631217996020386,191.3360755876731,16.440552907887874,12,3.690638526258841
7,10.761333949990247,171.3016806854809,11.658307455569672,11,5.6020633472294525
1,11.216127378841907,412.16859105121995,54.66956820721302,8,4.998251768326121
7,13.495115806859399,240.7952922467765,90.24130332861034,10,5.668752630839737
1,14.244592822581641,161.31982592420164,34.395768655768556,11,7.428712781589612
3,14.687342805527498,197.49569439288496,73.30001072226231,13,2.6741373695685873
6,13.508323703787067,185.26152117636596,65.8661354939767,12,7.7081980734297275
1,10.207848270236088,202.0016650729979,93.1554914309481,12,5.942496814340285
1,12.816942942605795,527.274271691809,82.09810172991409,10,7.661067101406227
5,11.063221868387743,295.62553853725444,56.660525890546296,11,6.991660121292745
5,9.78269435432236,199.81519056950094,65.70304982341074,12,4.790561876892519
3,13.88610105598146,268.64233016374783,89.83864665840349,7,8.184362372167273
4,0.19213174481162498,497.3074116978361,39.95187845869348,9,7.00264827537956
3,14.312333944947966,158.8726843718705,32.679470585777736,8,3.7959068995402077
1,11.23034225237314,150.95384945154578,1.081108363519634,11,6.085362514896541
2,7.460410337657963,162.2856575718826,82.65510741914642,12,3.473186214435789
1,12.615477455440478,158.22454276948173,80.0980700403365,9,5.037331551806969
9,14.265824184945755,253.2885129414763,10.445451810015138,5,5.721516678926713
3,12.456687775170451,152.02876058819356,57.68573811327003,9,7.267947626465331
3,12.297535093320432,275.3454513374969,46.398169816688736,12,8.018557654806697
3,8.46656428392483,152.52071412124292,11.870909550911147,11,3.686617144394183
9,11.628856153616429,150.26004615607633,98.05682270607235,11,2.9514165087952744
1,9.051183005719292,168.53444181360993,21.469588746335543,9,4.277054304636179
3,13.162036381050399,150.95635989989586,6.723418009056115,7,6.35557189017636
3,11.58555344568872,182.50673976216316,59.48473795019096,11,5.434468702639312
3,12.761594454458473,246.28917872908872,73.88666771330327,8,7.7673133507343
0,8.29171030421669,201.2729673196136,3.2443446047186963,14,6.051122114089786
8,8.593544112320622,179.79780395850455,65.87176387270222,11,5.326938721657809
9,13.014263716438776,419.91001476998923,53.22918759514545,9,8.567578471459646
3,8.504590351990714,176.760809265313,10.326500887504842,9,3.1266350199293456
4,0.356283638826293,150.95460530278567,17.252387694636205,10,2.307397372459473
9,8.084759326644212,279.35077054241003,56.79742973160805,10,6.6372226084239605
5,14.695509788096361,162.32445084122526,29.63576135132884,12,5.923470103852518
1,13.16255851621305,154.94971908234132,93.8315728651316,10,5.518335836153415
3,10.472759859514449,152.93964257427194,81.87402294840508,9,3.98389305593173
3,10.075749069013586,152.05486501147686,98.3567206513663,14,3.0117104245643693
3,10.447922608220946,188.48082758432244,25.967083895041398,10,5.075626231702984
5,13.422574718268272,151.154287067891,96.9723632797977,12,5.275850015444138
9,12.6295942774929,164.91139444514425,43.12338697915579,9,4.494152595139142
9,9.296368975072276,298.70433301458354,34.751879531375465,11,5.612193894917161
3,9.218765347338591,194.80591103770794,5.034952696935324,11,3.9805348115819337
1,8.68876954799378,167.98794646043984,5.276525785960262,6,6.142206471962985
10,12.622119037909368,251.07243834120789,69.20112559466547,14,5.534455333120352
7,13.350608635552152,174.93996675714754,45.79289944340279,13,7.673557684130842
1,9.855324998275028,172.48056731301415,22.65216260361057,9,6.858571070140145
9,8.14661472721639,297.91714700267136,61.39703063252326,8,5.292405211195371
8,8.575201672334991,183.02797811416673,25.285811825011116,11,3.5309444750667773
3,14.775020243915213,163.84037488258176,57.76317543444226,10,2.753688112374324
3,10.068113442341943,191.57779204053392,35.92087469826903,11,3.2064666180888137
3,13.384562034866935,958.9738477043192,82.3552226611819,10,8.608783974856042
0,12.372644981979846,1101.8469735012277,82.06961607667793,11,19.21583971900153
2,5.673577477570271,217.35860378904434,47.73503981224013,13,4.233773839761269
7,9.439810835368885,153.90800398086515,35.08191093350156,11,4.991214791919443
0,8.849704927115845,259.1168200884605,36.25597965590946,8,2.4206877320169573
2,7.305090776272066,175.5540834564876,80.57145256682179,13,2.6451890432265612
3,13.422436464464516,262.20192203493195,32.8179482797612,13,8.124096754318508
3,12.507329774787916,226.31721909089043,20.9059373706846,16,6.624079033618957
9,11.712114932744107,158.59036583905078,8.468834187530682,8,5.22944070385413
2,3.2936585640214537,167.13252677459775,46.66931208844084,10,3.4556390602695033
2,9.779421443160686,373.7631804283988,48.213209891984185,6,9.440461595540874
5,13.590999341582023,202.72925544154108,84.09087104029072,11,5.27555101310387
3,10.049754256906754,635.5089593019812,22.123869644606398,9,9.81357975987002
1,14.859792305511954,194.20391816013537,38.099127366839994,14,6.5781803564480255
3,12.213171127454254,172.86514250916997,80.8405738893691,8,7.947850790775557
1,12.076958607450726,340.49323113480244,82.36236107489735,7,3.136322719376428
1,13.236512256006725,236.05337384267733,38.46110759787682,9,7.358573552806072
3,13.682388516630963,208.5431996720973,45.91240232866809,6,5.873355526639477
3,12.595350251320518,154.28379005054438,30.328589084928293,12,6.151886287324013
9,8.896670224563401,150.33896493086087,93.2554878419312,6,3.1713197339962145
3,10.36787254196149,521.8698093687055,11.864376574158031,10,8.585621176399728
3,14.496585482282349,164.6318788552664,93.374942300147,6,6.285864744691037
3,9.572309282906964,214.0173007196004,68.38664518353433,9,8.6233080102499
0,10.605169166862593,209.62587974406904,53.15721526867312,13,6.2696538724262005
4,2.16038441472098,165.14312970044813,3.2659060784495875,11,2.489136447955948
1,11.075834927861166,154.34648232242276,47.55961918220083,8,4.324414256992679
10,12.290577077461679,152.5477288933801,40.774810500273226,10,4.602026315420075
1,14.601530864212954,181.6333592405669,16.121881197512256,10,3.4748916140845947
3,9.684848982827535,217.33708857929875,65.6409603500657,11,4.530662866371159
0,8.850509634106427,162.68372215993932,97.11509073682858,7,4.577016921169462
10,9.382293429019562,249.60064601461048,56.218881106452514,11,3.5975986089766967
3,14.208474301464886,183.14717237385742,71.47532764439458,5,7.154756340134149
3,12.520675688586442,216.99670424011472,6.845045256601678,9,6.9916003333969305
0,10.00134752467412,173.4068549922858,41.76669958169947,9,3.9325859696751193
5,13.71162857278032,253.954715261639,11.635848516449588,11,6.608687534285045
1,14.029589974544052,278.460036914075,61.27958355365104,10,9.348080591684825
8,13.925600370831946,154.357126523935,93.84821582141547,7,6.01928495745455
1,14.432485735476881,363.41390106597896,66.17777324716386,8,7.597128798083393
1,9.765687141213531,190.58623682455143,7.680304831442153,10,4.957304747466394
0,13.285293501223947,262.7887002917305,35.466620498508284,10,6.720844648029256
3,11.22377648091898,556.8249692575827,55.066337944085156,9,7.694640101316989
3,13.893989870230431,576.9085791426422,40.320775613325225,9,4.662020321298539
0,13.099434740131294,288.89439804020844,83.36440104751723,11,9.56198619879449
6,13.435132125498072,157.41080599362562,81.46710047099891,9,5.316966969314191
3,12.5931328637675,238.15125230074509,61.183102010322145,10,6.507020085821165
3,9.242001386287948,152.57304950514398,37.345794513270526,14,4.398165612328863
3,11.815188432278568,181.12318141320955,25.533637376324414,7,4.4971256586424415
3,14.892688176671557,201.33907563492212,10.587431821312931,6,6.322486653702641
3,14.561716465479833,181.2963783564512,35.4897683486554,12,3.6600198898344516
1,8.302216150579081,189.1173985321385,41.31725172077195,9,7.14576544583314
1,9.15370371010606,164.80032948133348,67.58229251040736,9,2.9456638986128807
8,8.922101414181933,238.14548371568856,65.81598242975734,8,3.6757764678134874
9,13.081859369897067,218.29904485063503,7.0108139641256955,9,5.680765316796645
3,13.724497308998615,155.75680849284277,39.525931543115775,13,7.394624444373316
1,9.494579564174703,152.78971641391456,18.177886721736193,12,4.736882948118983
3,11.540968850662804,155.8477720603454,15.68127053168057,12,3.653073409261329
3,13.8849211960784,204.40485047893083,82.73021497372459,7,7.471638482145227
0,13.129610813363755,163.20118384577063,4.191521671625753,8,6.945699496940523
1,11.795660438442937,194.89167027425086,41.91828759021213,4,6.216122962876626
5,12.13243383321141,191.77056286293003,16.82036557665182,8,6.817313503399865
4,2.5418027345814,271.0355762572192,87.9330215678474,12,5.54147588445842
0,10.082839159231744,180.0643839858441,55.704051327503514,11,7.36693218363642
1,11.955153950013113,281.7847885237326,23.1380636376848,10,5.446423486780901
1,12.822197114350635,223.66642210640822,50.24272871663764,10,8.351168635225758
4,4.366614579304039,158.14570405991833,73.14863597031159,9,3.2234085426814953
0,12.454039477854737,269.7532549100954,95.81180089194338,10,6.583216930901311
1,13.327850759302105,424.87567711741934,22.044600424541894,12,4.823311727897488
6,9.120501444682011,430.6725501918667,88.61817721293451,7,6.415244433040771
1,11.23090232093853,153.09911053180275,93.43041141674902,11,3.5094099614859706
4,0.04665809913546648,190.45270226137947,91.64205445320663,12,2.4137530045383175
1,9.726752051651362,206.28585679532597,63.54143568619099,9,6.1602626675066405
0,13.085232005791035,161.0509007594739,62.982065443470766,11,2.5281976663024692
1,14.942669659445544,159.38104807980244,40.32106331838228,16,5.893621139180185
5,8.694246697110511,223.50262401623579,75.23978823037879,10,5.9620901211512765
8,10.810460211029017,170.07146362172716,53.12940183509319,11,4.644659029787069
7,13.600496780894115,163.8775784262277,67.74380712282945,9,6.338673648601399
3,9.428249442402292,173.59337336531166,42.84579038487954,10,5.074044374129375
4,2.7754247465114315,306.83692057776113,73.14964640431391,11,4.3750138735129385
1,13.131499072207724,156.85059150741085,82.4471517604549,10,4.685940228022795
1,12.311898151821254,186.1969958348268,14.64362566028161,8,4.031440511445261
8,9.316173142307914,238.1533563273965,83.2929715574228,10,3.510040056158941
0,10.487691980800175,203.35183546358323,54.029653179030724,13,6.022255027666495
0,13.486542491397781,565.9089953533073,84.46659090902243,11,9.230745841346765
1,11.879585598924116,329.6540412191258,43.13017063410146,12,6.5984476291643475
0,8.036607294800389,164.29155492815286,37.904048538303506,10,3.8202035005414117
1,13.326935320196657,29367.124539382392,91.50607325172224,11,274.4209387786917
3,8.247179484581673,204.9380833927911,25.11692675484013,11,6.1320059527082105
3,13.220136479118626,188.34154496436452,84.42123252861431,8,4.8963312670882395
8,9.417363921156662,477.8256624774048,48.40205725094041,11,5.084267841222125
7,14.706514360835662,151.37389578861055,51.40954425512597,8,6.7315645629779555
2,5.575585259114591,260.2932785966393,30.8468281489484,9,4.448226888344775
1,10.288521314366553,231.30981263617966,57.30422006190157,10,5.353881425665955
3,9.042216352327113,231.3862138061515,32.52111962762113,11,7.3588320628314605
3,10.139229508431505,258.3258005942232,3.926941424165231,8,6.047550110523776
1,14.136555332797403,2654.8185125630016,27.199860534435604,12,33.03778611741095
3,14.97434036339073,167.09370727281924,0.6379043406590679,11,4.519465505176956
3,10.578166713547938,151.70011872774214,97.83547870568566,9,3.953458420030353
3,11.140274416681798,261.15028512245283,96.57472098197475,7,6.258381451732345
3,13.054496567419159,172.8083170767323,39.5155297472305,10,3.420369514039736
1,14.20337046325552,166.0989760736291,72.8370854339646,9,5.7587931072167216
9,12.15131033930749,158.56583436655956,34.580609841042495,10,5.410665582869499
6,10.740679887244806,203.8226367973378,67.1093157085976,9,5.10445236851609
1,10.888352885940366,231.68882169093604,80.54300430459791,6,6.5905511992175825
8,12.869327025477649,225.3320120158569,94.67562446922408,9,5.985746494658086
3,8.02252784522995,168.45968960842498,40.0212275849672,9,5.875254819707192
8,12.337125362218885,160.64902575204815,78.32979829560477,11,3.6884700321099664
6,10.488451073089502,284.6526032577718,26.59284506321188,9,6.413485530201511
3,13.55938131893959,214.1903301049081,99.03323037936484,13,5.658432734287745
0,8.650934478761926,155.29581943792763,2.5769598764351143,6,3.4362421142861352
1,12.117415868638734,161.3385897008509,60.3528806501121,13,6.243954144899687
3,11.366810229202866,150.7657873516393,65.95059816513272,10,7.415449310743474
3,12.496278681336591,165.14440544288726,68.80455570741289,12,5.065838702040432
1,8.453975161380779,209.47620622701297,12.038757878908902,10,5.7302384669865605
1,12.059886511996918,180.11859602717627,93.85297834731304,12,4.980690221711856
7,11.930392115716666,172.99701949541532,18.11832790500828,9,4.54460706983615
10,11.924620660913197,407.0157923394787,62.27534032398411,8,4.047153086276431
3,12.224413666175185,185.51964978580415,22.267607912308495,13,4.684903870717752
1,12.735275560584537,168.73496913245012,30.72164170212709,10,3.6277547028194093
1,13.634922997765388,294.4693285589576,54.645854172812435,10,9.7069065039063
0,9.8887450408975,163.1818800201794,41.719341856457646,12,4.551937278468952
9,13.775345871260434,180.88144443842143,16.02256009765063,8,5.565553392240767
1,11.487789775844176,152.47807134214685,17.093640242084827,11,6.38742493657885
3,8.539407953940318,535.5152814474787,41.814478816279966,9,5.808205546372829
1,8.409856504707854,244.1377457902053,75.72829782755008,10,3.868898690655535
3,10.339668230872427,178.93259808260885,89.79646468477885,10,4.552455998674242
4,3.9244848855573378,233.63006069846742,8.412766225938284,7,5.322064608532787
7,12.953766543186411,168.31013020904447,39.310390755940105,8,6.221822826488351
1,13.520304752706846,164.78300775645272,10.024556372287662,13,6.2956574991719885
0,11.620883395091266,362.32320302475796,1.6592480632597884,12,7.658562778820591
1,11.081392985688435,189.5018390852362,66.17186826439566,10,5.5043077845996
9,9.032167686943987,190.1805644967716,60.24494419665878,10,4.787151267658089
8,10.29734927526518,214.5590052928586,16.301911381488623,9,4.12604289814327
3,11.038135563217127,153.5324917356393,23.38128330930641,13,5.119348239862788
3,8.62020300775732,159.92952220379783,2.370775364451838,10,3.460830068679246
4,1.1030597635560562,169.76182040331884,83.49472056944037,10,2.1817833951735737
1,12.187577058446172,168.318206483793,97.46905960485515,12,4.183969142465495
9,13.14964179967433,197.16768898416015,13.545953679469081,8,10.011184779868683
3,14.988432579750647,154.2009015915781,23.147521376529813,13,5.997225473971244
3,14.531793319404905,169.9869572120533,86.8409523946934,7,3.5460737653663816
3,12.497956396746341,167.12291617119118,92.64637979561849,13,4.7059150655230235
0,10.948736373058503,157.72692064017915,41.96273828068103,9,5.530368578933615
1,12.453241552957628,241.01522785584507,5.062247226907413,10,9.180694547211623
5,13.499561326561624,161.31255584543783,3.93918336928194,6,5.072016374807132
0,8.828353336463712,276.31582869762053,57.39498660690104,9,3.2614840197027277
3,10.869334227874017,220.1669951743412,39.2895108893179,8,6.654590867356632
1,13.87861599944932,222.61648137434403,2.8652427577654516,9,4.365996064886098
3,10.686830663531309,151.09133531360595,58.32523923125568,10,4.0978587131971365
1,12.003105898590306,158.05052447227683,1.1302536589022472,12,5.211243997442759
3,12.114385526035388,169.42311079933532,78.73719581492729,10,4.849537328288621
5,9.291333771935475,167.27780827401784,30.643282270337156,11,5.4970825267686205
1,10.535648091566019,183.38399396634512,4.02580030092321,8,4.499888725133788
3,10.341579021193525,152.75529762856834,58.835222098315334,8,4.214966974232444
3,8.183376959724454,191.95343631214473,39.76844144330547,14,4.551398536560388
4,0.12095881945677622,212.11102913863354,97.38004133571495,9,2.2589888253925645
9,13.821879305730414,297.6618583339445,54.41986625037022,13,7.056345445687079
5,9.911495669809687,162.77995555881577,27.52391810370083,10,5.356958604040258
1,11.626551363671709,166.68651693954752,70.94388646339748,10,5.890186521568449
0,10.091079015121412,211.2997560967344,27.149200254271133,12,5.890824685533968
1,14.584754715807383,680.0231222597163,90.42432914075651,13,11.737621284300854
3,9.815077312060417,159.1741228278583,37.47219705073764,10,2.823231108934781
0,11.007597689172545,985.8479542699206,54.98685627762052,9,13.224510249074326
3,14.109111753392213,169.20824450777437,5.0573103824228856,10,6.908282295247883
3,13.89353496754266,151.52116272526808,42.61212379522308,11,6.576153265674623
2,4.302709924923941,201.15792202657775,83.2363539660995,12,2.691511211674449
6,13.618503168569973,256.2959228605622,80.56488053633419,10,5.146696721560458
1,11.207308207165248,169.1091637064905,22.431855885352626,11,4.512423406894241
0,11.380782104597486,160.62541579417146,22.60790710105627,13,5.926110970315559
5,8.934359806911607,185.27969235707425,81.73053122132367,11,5.372512200585465
3,8.564210596299873,151.69013918823077,93.03984201693255,11,3.347848067492533
4,3.639696534868826,489.93259620600156,9.536092127300355,7,8.237878761583831
3,11.475228066487098,190.74799611511548,45.005863942622526,5,5.49064875304323
1,11.057954918306256,167.9778649310163,33.745427896422896,11,4.948137041185704
7,13.106557600566777,157.66761312027444,87.06884554574394,10,4.7193148791603665
6,13.358590292937768,286.19114936538193,8.352491468001876,9,8.446635450124482
4,0.7945408383467678,161.8031555801501,21.112594255803742,10,2.8176173959918125
1,12.271576046343489,184.50935426369145,75.24683375864943,10,8.096629429907576
3,8.947478575943798,208.79945466486296,5.129384898121558,12,4.15000369121916
3,13.25962560220332,325.5385285195658,49.25353807142893,10,7.9945057020798425
0,12.598686093869976,157.50228921095623,44.210703467972,9,4.58369973680023
9,14.696302347584206,302.1579279014171,33.44011789887487,12,5.7614931774307205
1,8.482706114494949,229.6667877967715,39.457231531892376,10,5.009126303119705
10,8.39938304805878,235.68076218107765,52.99405869302329,11,5.0958868513902225
3,9.9753095228524,157.12423289302447,16.136735838838312,9,8.481165982084518
